SHEET_ID_249,0
SHEET_ID_250,0
SHEET_ID_251,0
SHEET_ID_252,0
SHEET_ID_253,0
SHEET_ID_254,0
SHEET_ID_255,0
SHEET_ID_256,0
SHEET_ID_257,0
SHEET_ID_258,0
SHEET_ID_259,0
SHEET_ID_260,0
SHEET_ID_261,0
SHEET_ID_262,0
SHEET_ID_263,0
SHEET_ID_264,0
SHEET_ID_265,0
SHEET_ID_266,0
SHEET_ID_267,0
SHEET_ID_268,0
SHEET_ID_269,0
SHEET_ID_270,0
SHEET_ID_271,0
SHEET_ID_272,0
SHEET_ID_273,0
SHEET_ID_274,0
SHEET_ID_275,0
SHEET_ID_276,0
SHEET_ID_277,0
SHEET_ID_278,0
SHEET_ID_279,0
SHEET_ID_280,0
SHEET_ID_281,0
SHEET_ID_282,0
SHEET_ID_283,0
SHEET_ID_284,0
SHEET_ID_285,0
SHEET_ID_286,0
SHEET_ID_287,0
SHEET_ID_288,0
SHEET_ID_289,0
SHEET_ID_290,0
SHEET_ID_291,0
SHEET_ID_292,0
SHEET_ID_293,0
SHEET_ID_294,0
SHEET_ID_295,0
SHEET_ID_296,0
SHEET_ID_297,0
SHEET_ID_298,0
SHEET_ID_299,0
SHEET_ID_300,0
SHEET_ID_301,0
SHEET_ID_302,0
SHEET_ID_303,0
SHEET_ID_304,0
SHEET_ID_305,0
SHEET_ID_306,0
SHEET_ID_307,0
SHEET_ID_308,0
SHEET_ID_309,0
SHEET_ID_310,0
SHEET_ID_311,0
